[{"id":"user-image-364257350_651751983556971_5138356141002528808_n.jpg","publicUrl":"np://user.desktop.nicepage.com/Site_151423672/images/364257350_651751983556971_5138356141002528808_n.jpg","size":241122,"hash":"BaPhn7yXvVQAtVrIWX5o75OrUs8=","fileName":"364257350_651751983556971_5138356141002528808_n.jpg","name":"364257350_651751983556971_5138356141002528808_n","width":1080,"height":1080,"thumbnail":{"url":"np://user.desktop.nicepage.com/Site_151423672/images/thumbnails/364257350_651751983556971_5138356141002528808_n.jpg","width":250,"height":250},"folderId":null,"usages":["80627008"]},{"id":"user-image-365326577_597562925618163_8116265803829207184_n.jpg","publicUrl":"np://user.desktop.nicepage.com/Site_151423672/images/365326577_597562925618163_8116265803829207184_n.jpg","size":130311,"hash":"fmi+Ra/KvvyHsrHBpvTDek+WGM0=","fileName":"365326577_597562925618163_8116265803829207184_n.jpg","name":"365326577_597562925618163_8116265803829207184_n","width":1080,"height":1080,"thumbnail":{"url":"np://user.desktop.nicepage.com/Site_151423672/images/thumbnails/365326577_597562925618163_8116265803829207184_n.jpg","width":250,"height":250},"folderId":null,"usages":["80627008"]},{"id":"user-image-327334093_187500157228243_5630391893891407431_n.jpg","publicUrl":"np://user.desktop.nicepage.com/Site_151423672/images/327334093_187500157228243_5630391893891407431_n.jpg","size":55842,"hash":"PZ5hP0dueHZwgB0zUzKivcqcydw=","fileName":"327334093_187500157228243_5630391893891407431_n.jpg","name":"327334093_187500157228243_5630391893891407431_n","width":653,"height":653,"thumbnail":{"url":"np://user.desktop.nicepage.com/Site_151423672/images/thumbnails/327334093_187500157228243_5630391893891407431_n.jpg","width":250,"height":250},"folderId":null,"usages":["80627008"]},{"id":"user-image-pdc_logo.png","publicUrl":"np://user.desktop.nicepage.com/Site_151423672/images/pdc_logo.png","size":198559,"hash":"cgHyInnH/W5r9YcPd0LzqbF1SC4=","fileName":"pdc_logo.png","name":"pdc_logo","width":400,"height":353,"thumbnail":{"url":"np://user.desktop.nicepage.com/Site_151423672/images/thumbnails/pdc_logo.png","width":250,"height":221},"folderId":null,"usages":[]},{"id":"user-image-favicon.png","publicUrl":"np://user.desktop.nicepage.com/Site_151423672/images/favicon.png","size":9368,"hash":"pR2PThsG8RTfcXqR5raTa8SvLuE=","fileName":"favicon.png","name":"favicon","width":64,"height":64,"thumbnail":{"url":"np://user.desktop.nicepage.com/Site_151423672/images/thumbnails/favicon.png","width":64,"height":64,"length":9368,"type":"png"},"folderId":null,"usages":[]}]