[{"id":249403873,"status":2,"title":"Blog Template","order":1,"templateKey":"blog","customTemplate":false,"customTemplateFilename":null,"pageLinks":[],"dateCreated":"2023-08-30T18:31:50.556Z","dateUpdated":"2023-08-30T18:31:53.554Z","folderId":null,"pageName":"Blog Template"},{"id":150321755,"status":2,"title":"Post Template","order":2,"templateKey":"post","customTemplate":false,"customTemplateFilename":null,"pageLinks":[],"dateCreated":"2023-08-30T18:31:50.815Z","dateUpdated":"2023-08-30T18:31:53.586Z","folderId":null,"pageName":"Post Template"},{"id":425006278,"status":2,"title":"Product List Template","order":3,"templateKey":"products","customTemplate":false,"customTemplateFilename":null,"pageLinks":[],"dateCreated":"2023-08-30T18:31:51.080Z","dateUpdated":"2023-08-30T18:31:53.615Z","folderId":null,"pageName":"Product List Template"},{"id":746521177,"status":2,"title":"Product Details Template","order":4,"templateKey":"product","customTemplate":false,"customTemplateFilename":null,"pageLinks":[],"dateCreated":"2023-08-30T18:31:51.381Z","dateUpdated":"2023-08-30T18:31:53.639Z","folderId":null,"pageName":"Product Details Template"},{"id":75046944,"status":2,"title":"Shopping Cart Template","order":5,"templateKey":"cart","customTemplate":false,"customTemplateFilename":null,"pageLinks":[],"dateCreated":"2023-08-30T18:31:51.636Z","dateUpdated":"2023-08-30T18:31:53.661Z","folderId":null,"pageName":"Shopping Cart Template"},{"id":860023087,"status":2,"title":"Checkout Template","order":6,"templateKey":"checkout","customTemplate":false,"customTemplateFilename":null,"pageLinks":[],"dateCreated":"2023-08-30T18:31:52.013Z","dateUpdated":"2023-08-30T18:31:53.684Z","folderId":null,"pageName":"Checkout Template"},{"id":184644145,"status":2,"title":"Login Template","order":7,"templateKey":"login","customTemplate":false,"customTemplateFilename":null,"pageLinks":[],"dateCreated":"2023-08-30T18:31:52.321Z","dateUpdated":"2023-08-30T18:31:53.706Z","folderId":null,"pageName":"Login Template"},{"id":6749477,"status":2,"title":"Page Password Template","order":8,"templateKey":"password","customTemplate":false,"customTemplateFilename":null,"pageLinks":[],"dateCreated":"2023-08-30T18:31:52.669Z","dateUpdated":"2023-08-30T18:31:53.727Z","folderId":null,"pageName":"Page Password Template"},{"id":938512499,"status":2,"title":"404 Not Found Template","order":9,"templateKey":"404","customTemplate":false,"customTemplateFilename":null,"pageLinks":[],"dateCreated":"2023-08-30T18:31:52.839Z","dateUpdated":"2023-08-30T18:31:53.750Z","folderId":null,"pageName":"404 Not Found Template"},{"id":156071873,"status":2,"title":"Thank You Page Template","order":10,"templateKey":"ThankYou","customTemplate":false,"customTemplateFilename":null,"pageLinks":[],"dateCreated":"2023-08-30T18:31:52.962Z","dateUpdated":"2023-08-30T18:31:53.778Z","folderId":null,"pageName":"Thank You Page Template"},{"id":80627008,"status":2,"title":"Home","order":50,"templateKey":null,"customTemplate":false,"customTemplateFilename":null,"pageLinks":["80627008","1138163"],"dateCreated":"2023-08-30T18:35:36.251Z","dateUpdated":"2023-08-30T20:49:10.011Z","folderId":null,"pageName":"Home_80627008"},{"id":1138163,"status":2,"title":"About","order":100,"templateKey":null,"customTemplate":false,"customTemplateFilename":null,"pageLinks":[],"dateCreated":"2023-08-30T18:31:53.055Z","dateUpdated":"2023-08-30T20:11:16.239Z","folderId":null,"pageName":"About_1138163"},{"id":515611709,"status":2,"title":"Store","order":102,"templateKey":null,"customTemplate":false,"customTemplateFilename":null,"pageLinks":[],"dateCreated":"2023-08-30T18:43:20.434Z","dateUpdated":"2023-08-30T20:12:55.618Z","folderId":null,"pageName":"Store_515611709"}]